Title,Alternative Title,Creator,Image,Weblog,Description,Subject,Date,Type,Format,Source,Language,Contributor,Annotates,Access Rights
Untitled (printed from Miners / Bolivia block),,"woodcut, N.N. / xilografía, S.N.",https://nationalmuseumofmexicanart.org/img/97f11d95-a767-41a8-98a3-b1d56ad00344/1990.8_web.png,https://nationalmuseumofmexicanart.org/artworks/untitled-printed-from-miners-bolivia-block,Untitled (printed from Miners / Bolivia block)   (Sin título [impreso del bloque Mineros / Bolivia]),,,"15 3/4"" x 12 1/2"" (paper size)",,,,National Museum of Mexican Art (NMMA),,"Image is displayed for education and personal research only. For individual rights information about an item, please check the “Description” field, or follow the link to the digital object on the content provider’s website for more information. Reuse of copyright-protected images requires signed permission from the copyright holder. If you are the copyright holder of this item and its use online constitutes an infringement of your copyright, please contact us by email at rhizomes@umn.edu to discuss its removal from the portal."
Lágrimas entre sollozos (de la carpeta El canto del papel),,"etching and aquatint, 17/100 aguafuerte y aguatinta,17/100",https://nationalmuseumofmexicanart.org/img/8ae30510-c9a3-499f-aadb-90fbda61a6cc/1991.1B_web.png,https://nationalmuseumofmexicanart.org/artworks/lágrimas-entre-sollozos-de-la-carpeta-el-canto-del-papel,"Tears Between Sighs from ""The Song of Paper"" portfolio",,,"15 1/4"" x  11 3/8"" (paper size)",,,,National Museum of Mexican Art (NMMA),,"Image is displayed for education and personal research only. For individual rights information about an item, please check the “Description” field, or follow the link to the digital object on the content provider’s website for more information. Reuse of copyright-protected images requires signed permission from the copyright holder. If you are the copyright holder of this item and its use online constitutes an infringement of your copyright, please contact us by email at rhizomes@umn.edu to discuss its removal from the portal."
Bienvenidos a los Tostados Unidos (from The New Immigration portfolio),,"etching, 52/100 / aguafuerte, 52/100",https://nationalmuseumofmexicanart.org/img/7d4abff0-c8f8-4407-9c23-6e08d0ded660/1991.35A_web.png,https://nationalmuseumofmexicanart.org/artworks/bienvenidos-a-los-tostados-unidos-from-the-new-immigration-portfolio,"Welcome to the Toasted States (de la carpeta de 10 aguafuertes ""La Nueva Inmigración"")",,,"14 3/4"" x 21 3/4"" (paper size)",,,,National Museum of Mexican Art (NMMA),,"Image is displayed for education and personal research only. For individual rights information about an item, please check the “Description” field, or follow the link to the digital object on the content provider’s website for more information. Reuse of copyright-protected images requires signed permission from the copyright holder. If you are the copyright holder of this item and its use online constitutes an infringement of your copyright, please contact us by email at rhizomes@umn.edu to discuss its removal from the portal."
Homenaje a Frida Kahlo II,,"serigraph, N.N. / serigrafía, S.N.",https://nationalmuseumofmexicanart.org/img/96a49545-b9e5-4c9e-a46b-0f30f541e72a/1991.54_web.png,https://nationalmuseumofmexicanart.org/artworks/homenaje-a-frida-kahlo-ii,Homage to Frida Kahlo II,,,"22 1/4"" X 17 1/16"" (paper size)",,,,National Museum of Mexican Art (NMMA),,"Image is displayed for education and personal research only. For individual rights information about an item, please check the “Description” field, or follow the link to the digital object on the content provider’s website for more information. Reuse of copyright-protected images requires signed permission from the copyright holder. If you are the copyright holder of this item and its use online constitutes an infringement of your copyright, please contact us by email at rhizomes@umn.edu to discuss its removal from the portal."
Untitled,,"linocut, ed. 25 / grabado en linóleo, ed. 25",https://nationalmuseumofmexicanart.org/img/de48bfd2-31fa-4456-83ed-05b0adb927d8/1990.50_web.png,https://nationalmuseumofmexicanart.org/artworks/untitled-373,Sin titulo (pescados),,,"17 1/2"" x 11 1/2"" (paper size)",,,,National Museum of Mexican Art (NMMA),,"Image is displayed for education and personal research only. For individual rights information about an item, please check the “Description” field, or follow the link to the digital object on the content provider’s website for more information. Reuse of copyright-protected images requires signed permission from the copyright holder. If you are the copyright holder of this item and its use online constitutes an infringement of your copyright, please contact us by email at rhizomes@umn.edu to discuss its removal from the portal."
New World Order,,glass bottle and mixed media / botella de vidrio y técnica mixta,https://nationalmuseumofmexicanart.org/img/fdc90b3d-dbec-4919-aa14-0d4ea142d387/1993.78_1_web.png,https://nationalmuseumofmexicanart.org/artworks/new-world-order,La nueva orden del mundo,,,"4"" x 10 1/2"" x 3""",,,,National Museum of Mexican Art (NMMA),,"Image is displayed for education and personal research only. For individual rights information about an item, please check the “Description” field, or follow the link to the digital object on the content provider’s website for more information. Reuse of copyright-protected images requires signed permission from the copyright holder. If you are the copyright holder of this item and its use online constitutes an infringement of your copyright, please contact us by email at rhizomes@umn.edu to discuss its removal from the portal."
Gesticulador,,"etching and aquatint, 22/50 / aguafuerte y aguatinta, 22/50",https://nationalmuseumofmexicanart.org/img/aca680ba-90bc-4fce-b625-6ffb33ef74de/1990.49_web.png,https://nationalmuseumofmexicanart.org/artworks/gesticulador,Gesticulator,,,"22 1/4"" x 15"" (paper size)",,,,National Museum of Mexican Art (NMMA),,"Image is displayed for education and personal research only. For individual rights information about an item, please check the “Description” field, or follow the link to the digital object on the content provider’s website for more information. Reuse of copyright-protected images requires signed permission from the copyright holder. If you are the copyright holder of this item and its use online constitutes an infringement of your copyright, please contact us by email at rhizomes@umn.edu to discuss its removal from the portal."
El viaje nocturno,,"etching and aquatint, 18/50 / aguafuerte y aguatinta, 18/50",https://nationalmuseumofmexicanart.org/img/26d85d23-a1b2-4c53-bf72-ee92b8709478/1990.20_web.png,https://nationalmuseumofmexicanart.org/artworks/el-viaje-nocturno,The Nocturnal Voyage,,,"18 1/4"" x 22"" (paper size)",,,,National Museum of Mexican Art (NMMA),,"Image is displayed for education and personal research only. For individual rights information about an item, please check the “Description” field, or follow the link to the digital object on the content provider’s website for more information. Reuse of copyright-protected images requires signed permission from the copyright holder. If you are the copyright holder of this item and its use online constitutes an infringement of your copyright, please contact us by email at rhizomes@umn.edu to discuss its removal from the portal."
Javier H.,,acrylic on canvas / acrílico sobre lienzo,https://nationalmuseumofmexicanart.org/img/decef500-6b39-4c3e-8edd-9529885a0604/1997.33_web.png,https://nationalmuseumofmexicanart.org/artworks/javier-h,Javier H.,,,"36"" x 31""",,,,National Museum of Mexican Art (NMMA),,"Image is displayed for education and personal research only. For individual rights information about an item, please check the “Description” field, or follow the link to the digital object on the content provider’s website for more information. Reuse of copyright-protected images requires signed permission from the copyright holder. If you are the copyright holder of this item and its use online constitutes an infringement of your copyright, please contact us by email at rhizomes@umn.edu to discuss its removal from the portal."
Adelaido Cruzas,,acrylic on unstretched canvas with brass grommets / acrílico sobre lienzo sin tensar con ojales de latón,https://nationalmuseumofmexicanart.org/img/3b8d1b39-908b-4b1a-ba35-fe89caca6303/1998.12_web.png,https://nationalmuseumofmexicanart.org/artworks/adelaido-cruzas,Adelaido Cruzas,,,"40 1/4"" x 50 3/4""",,,,National Museum of Mexican Art (NMMA),,"Image is displayed for education and personal research only. For individual rights information about an item, please check the “Description” field, or follow the link to the digital object on the content provider’s website for more information. Reuse of copyright-protected images requires signed permission from the copyright holder. If you are the copyright holder of this item and its use online constitutes an infringement of your copyright, please contact us by email at rhizomes@umn.edu to discuss its removal from the portal."
"Vida, historia, unidad y raza",,paint on linen / pintura sobre lino,https://nationalmuseumofmexicanart.org/img/c6137838-8031-48de-b564-acbfa8297167/1999.271_web.png,https://nationalmuseumofmexicanart.org/artworks/vida-historia-unidad-y-raza,"Life, History, Unity and Race",,,"22 1/2"" x 34 1/2""",,,,National Museum of Mexican Art (NMMA),,"Image is displayed for education and personal research only. For individual rights information about an item, please check the “Description” field, or follow the link to the digital object on the content provider’s website for more information. Reuse of copyright-protected images requires signed permission from the copyright holder. If you are the copyright holder of this item and its use online constitutes an infringement of your copyright, please contact us by email at rhizomes@umn.edu to discuss its removal from the portal."
Veterans Plaza Mexican Fine Arts Center,,watercolor and pencil on paper / acuarela y lápiz sobre papel,https://nationalmuseumofmexicanart.org/img/29dda9ff-f1c2-4581-8f83-67ff5f16dad1/2000.120_web.png,https://nationalmuseumofmexicanart.org/artworks/veterans-plaza-mexican-fine-arts-center,Plaza de Veteranos del Centro Mexicano de Bellas Artes (dibujo preliminar con arboles  ciprés),,,"21"" x 51""",,,,National Museum of Mexican Art (NMMA),,"Image is displayed for education and personal research only. For individual rights information about an item, please check the “Description” field, or follow the link to the digital object on the content provider’s website for more information. Reuse of copyright-protected images requires signed permission from the copyright holder. If you are the copyright holder of this item and its use online constitutes an infringement of your copyright, please contact us by email at rhizomes@umn.edu to discuss its removal from the portal."
Untitled,,"colored pencil, ink and correction fluid / lápices de color, tinta y líquido corrector",https://nationalmuseumofmexicanart.org/img/b64fb726-9ba8-4426-9bc9-79e38698e6ad/2000.127_web.png,https://nationalmuseumofmexicanart.org/artworks/untitled-384,"Sin título ( arco del MFACM, familia y  estación de tren)",,,"15"" x 53""",,,,National Museum of Mexican Art (NMMA),,"Image is displayed for education and personal research only. For individual rights information about an item, please check the “Description” field, or follow the link to the digital object on the content provider’s website for more information. Reuse of copyright-protected images requires signed permission from the copyright holder. If you are the copyright holder of this item and its use online constitutes an infringement of your copyright, please contact us by email at rhizomes@umn.edu to discuss its removal from the portal."
El visionario II,,glass and mixed media / vidrio y técnica mixta,https://nationalmuseumofmexicanart.org/img/3b2e907c-f292-45b4-92b7-b5ebe1ad2ae4/2002.185_front_web.png,https://nationalmuseumofmexicanart.org/artworks/el-visionario-ii,The Visionary II,,,"27"" x 12 1/2"" x 9""",,,,National Museum of Mexican Art (NMMA),,"Image is displayed for education and personal research only. For individual rights information about an item, please check the “Description” field, or follow the link to the digital object on the content provider’s website for more information. Reuse of copyright-protected images requires signed permission from the copyright holder. If you are the copyright holder of this item and its use online constitutes an infringement of your copyright, please contact us by email at rhizomes@umn.edu to discuss its removal from the portal."
Entre dos mundos (de la carpeta Bajo un mismo cielo),,"linocut, AP 3/5 / grabado en linóleo, PA 3/5",https://nationalmuseumofmexicanart.org/img/40fe7c8a-67e4-4d92-95b7-3365825673e4/2003.350E_web.png,https://nationalmuseumofmexicanart.org/artworks/entre-dos-mundos-de-la-carpeta-bajo-un-mismo-cielo,"Between Two Worlds ( from ""Under the Same Sky"" portfolio)",,,"21"" x 15 3/4"" (paper size)",,,,National Museum of Mexican Art (NMMA),,"Image is displayed for education and personal research only. For individual rights information about an item, please check the “Description” field, or follow the link to the digital object on the content provider’s website for more information. Reuse of copyright-protected images requires signed permission from the copyright holder. If you are the copyright holder of this item and its use online constitutes an infringement of your copyright, please contact us by email at rhizomes@umn.edu to discuss its removal from the portal."
Pepper Plant,,polychrome wood / madera policromada,https://nationalmuseumofmexicanart.org/img/5f43a611-9a0e-4a9c-8e9a-446e8ac6e18b/2003.365_front_web.png,https://nationalmuseumofmexicanart.org/artworks/pepper-plant,Planta de chile,,,"29"" x 14"" x 16""",,,,National Museum of Mexican Art (NMMA),,"Image is displayed for education and personal research only. For individual rights information about an item, please check the “Description” field, or follow the link to the digital object on the content provider’s website for more information. Reuse of copyright-protected images requires signed permission from the copyright holder. If you are the copyright holder of this item and its use online constitutes an infringement of your copyright, please contact us by email at rhizomes@umn.edu to discuss its removal from the portal."
Laura Berenice,,acrylic on canvas and mixed media / acrílico sobre lienzo y técnica mixta,https://nationalmuseumofmexicanart.org/img/180025e4-4cfa-4388-99c1-17b377c7ed4b/2004.125_web.png,https://nationalmuseumofmexicanart.org/artworks/laura-berenice,Laura Berenice,,,"33 5/8"" x 25 7/8"" x 2""",,,,National Museum of Mexican Art (NMMA),,"Image is displayed for education and personal research only. For individual rights information about an item, please check the “Description” field, or follow the link to the digital object on the content provider’s website for more information. Reuse of copyright-protected images requires signed permission from the copyright holder. If you are the copyright holder of this item and its use online constitutes an infringement of your copyright, please contact us by email at rhizomes@umn.edu to discuss its removal from the portal."
The Garden of Earthly Delights,,customized tractor lawn mower / cortadora de césped personalizada,https://nationalmuseumofmexicanart.org/img/bc9d6a1e-98df-4d61-b65e-480316c69489/2005.1_web.png,https://nationalmuseumofmexicanart.org/artworks/the-garden-of-earthly-delights,El jardín de las delicias,,,"43"" x 93"" x 37"" (unopened)",,,,National Museum of Mexican Art (NMMA),,"Image is displayed for education and personal research only. For individual rights information about an item, please check the “Description” field, or follow the link to the digital object on the content provider’s website for more information. Reuse of copyright-protected images requires signed permission from the copyright holder. If you are the copyright holder of this item and its use online constitutes an infringement of your copyright, please contact us by email at rhizomes@umn.edu to discuss its removal from the portal."
Untitled,,acrylic on canvas with attached paper calendar / acrílico sobre lienzo con calendario de papel adjunto,https://nationalmuseumofmexicanart.org/img/82647503-309f-4dc1-bb1b-ed5580b12806/2005.45_web.png,https://nationalmuseumofmexicanart.org/artworks/untitled-482,Sin título (celda de cárcel),,,"53 3/4"" x 33 3/8""",,,,National Museum of Mexican Art (NMMA),,"Image is displayed for education and personal research only. For individual rights information about an item, please check the “Description” field, or follow the link to the digital object on the content provider’s website for more information. Reuse of copyright-protected images requires signed permission from the copyright holder. If you are the copyright holder of this item and its use online constitutes an infringement of your copyright, please contact us by email at rhizomes@umn.edu to discuss its removal from the portal."
Sobre Carlos,,acrylic on canvas / acrílico sobre lienzo,https://nationalmuseumofmexicanart.org/img/119a3f2c-43f3-44d5-a55a-1f6db4ea3fc8/2005.126_web.png,https://nationalmuseumofmexicanart.org/artworks/sobre-carlos,Following Carlos (or Upon Carlos),,,"16"" x 20"" x 1 1/2""",,,,National Museum of Mexican Art (NMMA),,"Image is displayed for education and personal research only. For individual rights information about an item, please check the “Description” field, or follow the link to the digital object on the content provider’s website for more information. Reuse of copyright-protected images requires signed permission from the copyright holder. If you are the copyright holder of this item and its use online constitutes an infringement of your copyright, please contact us by email at rhizomes@umn.edu to discuss its removal from the portal."
Untitled,,"polychrome ceramic, wood and mixed media / cerámica policromada, madera y técnica mixta",https://nationalmuseumofmexicanart.org/img/89f500cf-8f2e-4483-b084-fe271e78966b/2003.607_front_web.png,https://nationalmuseumofmexicanart.org/artworks/untitled-484,Sin título (crucifijo de miembro de pandilla),,,"46 1/2"" x 23 3/4"" x 6 1/2""",,,,National Museum of Mexican Art (NMMA),,"Image is displayed for education and personal research only. For individual rights information about an item, please check the “Description” field, or follow the link to the digital object on the content provider’s website for more information. Reuse of copyright-protected images requires signed permission from the copyright holder. If you are the copyright holder of this item and its use online constitutes an infringement of your copyright, please contact us by email at rhizomes@umn.edu to discuss its removal from the portal."
Untitled,,hubcap and mixed media / llanta tapacubos y técnica mixta,https://nationalmuseumofmexicanart.org/img/19c4cacf-12e2-4e7e-92b7-fa435ef109b3/2003.612_web.png,https://nationalmuseumofmexicanart.org/artworks/untitled-485,Sin título (milagro en forma de corazón),,,"15 1/2"" (diam.) x 7 1/2""",,,,National Museum of Mexican Art (NMMA),,"Image is displayed for education and personal research only. For individual rights information about an item, please check the “Description” field, or follow the link to the digital object on the content provider’s website for more information. Reuse of copyright-protected images requires signed permission from the copyright holder. If you are the copyright holder of this item and its use online constitutes an infringement of your copyright, please contact us by email at rhizomes@umn.edu to discuss its removal from the portal."
"Quien soy, soy quien",,oil on canvas / óleo sobre lienzo,https://nationalmuseumofmexicanart.org/img/a98cffa6-bceb-4c2a-9630-b99a3614ba7c/2007.23_web.png,https://nationalmuseumofmexicanart.org/artworks/quien-soy-soy-quien,"Who Am I, I Am Who",,,"72"" x 72""",,,,National Museum of Mexican Art (NMMA),,"Image is displayed for education and personal research only. For individual rights information about an item, please check the “Description” field, or follow the link to the digital object on the content provider’s website for more information. Reuse of copyright-protected images requires signed permission from the copyright holder. If you are the copyright holder of this item and its use online constitutes an infringement of your copyright, please contact us by email at rhizomes@umn.edu to discuss its removal from the portal."
Destiny: The Founding of Tenochtitlan (from The Omen Series),,inkjet print / impresión inkjet,https://nationalmuseumofmexicanart.org/img/b2bdca24-18d8-4799-aaa7-76989884f863/2007.222_web.png,https://nationalmuseumofmexicanart.org/artworks/destiny-the-founding-of-tenochtitlan-from-the-omen-series,"Destino: La fundación de Tenochtitlán (del proyecto llamado, de las series Augurio)",,,"11 1/4"" x 16 1/2"" (paper size)",,,,National Museum of Mexican Art (NMMA),,"Image is displayed for education and personal research only. For individual rights information about an item, please check the “Description” field, or follow the link to the digital object on the content provider’s website for more information. Reuse of copyright-protected images requires signed permission from the copyright holder. If you are the copyright holder of this item and its use online constitutes an infringement of your copyright, please contact us by email at rhizomes@umn.edu to discuss its removal from the portal."
Zarmina,,"colored pencil, thread and amate paper / lápiz de color, hilo y papel amate.",https://nationalmuseumofmexicanart.org/img/857900f6-c6d8-4462-9e2b-f6588a301461/2007.224_web.png,https://nationalmuseumofmexicanart.org/artworks/zarmina,Zarmina,,,"11 1/2"" x 9 1/2""",,,,National Museum of Mexican Art (NMMA),,"Image is displayed for education and personal research only. For individual rights information about an item, please check the “Description” field, or follow the link to the digital object on the content provider’s website for more information. Reuse of copyright-protected images requires signed permission from the copyright holder. If you are the copyright holder of this item and its use online constitutes an infringement of your copyright, please contact us by email at rhizomes@umn.edu to discuss its removal from the portal."
"Jugando a las guerritas, versión tres",,ink and color pencil / tinta y lápices de color,https://nationalmuseumofmexicanart.org/img/c6d91e8d-632e-4012-a694-1a374d78f228/2008.273.png,https://nationalmuseumofmexicanart.org/artworks/jugando-a-las-guerritas-versión-tres,"Playing War, Version Three",,,"23 3/4"" x 19"" (paper size)",,,,National Museum of Mexican Art (NMMA),,"Image is displayed for education and personal research only. For individual rights information about an item, please check the “Description” field, or follow the link to the digital object on the content provider’s website for more information. Reuse of copyright-protected images requires signed permission from the copyright holder. If you are the copyright holder of this item and its use online constitutes an infringement of your copyright, please contact us by email at rhizomes@umn.edu to discuss its removal from the portal."
Alacrán (from the La Loteria - A Children's Game portfolio),,"linocut, 21/30 / grabado en linóleo, 21/30",https://nationalmuseumofmexicanart.org/img/9746fc71-8c00-49b6-a86c-dc4488f69b8b/2005.269.D_web.png,https://nationalmuseumofmexicanart.org/artworks/alacrán-from-the-la-loteria-a-childrens-game-portfolio,"Scorpion (de la carpeta ""La Loteria - Un juego de niños"")",,,"19 7/8"" x 12 7/8"" (paper size)",,,,National Museum of Mexican Art (NMMA),,"Image is displayed for education and personal research only. For individual rights information about an item, please check the “Description” field, or follow the link to the digital object on the content provider’s website for more information. Reuse of copyright-protected images requires signed permission from the copyright holder. If you are the copyright holder of this item and its use online constitutes an infringement of your copyright, please contact us by email at rhizomes@umn.edu to discuss its removal from the portal."
Untitled (collage of 14 fraudulent Mexican stamps),,generated laser prints / impresiones generadas por laser,https://nationalmuseumofmexicanart.org/img/2a9661b3-f31d-465d-9a74-cde7e851796b/2010.65A-J_web.png,https://nationalmuseumofmexicanart.org/artworks/untitled-collage-of-14-fraudulent-mexican-stamps,Sin título (collage de 14 estampillas mexicanas falsas),,,"18 1/4"" x 13 1/4"" (framed)",,,,National Museum of Mexican Art (NMMA),,"Image is displayed for education and personal research only. For individual rights information about an item, please check the “Description” field, or follow the link to the digital object on the content provider’s website for more information. Reuse of copyright-protected images requires signed permission from the copyright holder. If you are the copyright holder of this item and its use online constitutes an infringement of your copyright, please contact us by email at rhizomes@umn.edu to discuss its removal from the portal."
Marranos,,ceramic and mixed media / cerámica y técnica mixta,https://nationalmuseumofmexicanart.org/img/72fb7413-2945-4423-95f5-8aaec1874e3b/2011.44_front_web.png,https://nationalmuseumofmexicanart.org/artworks/marranos,Pigs,,,"35"" x 21"" x 16 1/2""",,,,National Museum of Mexican Art (NMMA),,"Image is displayed for education and personal research only. For individual rights information about an item, please check the “Description” field, or follow the link to the digital object on the content provider’s website for more information. Reuse of copyright-protected images requires signed permission from the copyright holder. If you are the copyright holder of this item and its use online constitutes an infringement of your copyright, please contact us by email at rhizomes@umn.edu to discuss its removal from the portal."
Los angelitos,,acrylic on canvas / acrílico sobre lienzo,https://nationalmuseumofmexicanart.org/img/5ee162cf-504b-4905-a930-db47ed977441/2011.55_web.png,https://nationalmuseumofmexicanart.org/artworks/los-angelitos,Little Angels,,,"20 3/4"" x 16 1/2""",,,,National Museum of Mexican Art (NMMA),,"Image is displayed for education and personal research only. For individual rights information about an item, please check the “Description” field, or follow the link to the digital object on the content provider’s website for more information. Reuse of copyright-protected images requires signed permission from the copyright holder. If you are the copyright holder of this item and its use online constitutes an infringement of your copyright, please contact us by email at rhizomes@umn.edu to discuss its removal from the portal."
Rings of Life,,oil on canvas / óleo sobre lienzo,https://nationalmuseumofmexicanart.org/img/6b0a46c6-7332-4a96-b90d-5d565d9f0fd2/2011.57_web.png,https://nationalmuseumofmexicanart.org/artworks/rings-of-life,Los círculos de la vida,,,"77"" x 49""",,,,National Museum of Mexican Art (NMMA),,"Image is displayed for education and personal research only. For individual rights information about an item, please check the “Description” field, or follow the link to the digital object on the content provider’s website for more information. Reuse of copyright-protected images requires signed permission from the copyright holder. If you are the copyright holder of this item and its use online constitutes an infringement of your copyright, please contact us by email at rhizomes@umn.edu to discuss its removal from the portal."
El Copycat,,acrylic on canvas / acrílico sobre lienzo,https://nationalmuseumofmexicanart.org/img/3011f989-300c-429d-bcf8-bb4b63bae610/2011.151_web.png,https://nationalmuseumofmexicanart.org/artworks/el-copycat,The copión,,,"47 7/8"" x 69 3/4""",,,,National Museum of Mexican Art (NMMA),,"Image is displayed for education and personal research only. For individual rights information about an item, please check the “Description” field, or follow the link to the digital object on the content provider’s website for more information. Reuse of copyright-protected images requires signed permission from the copyright holder. If you are the copyright holder of this item and its use online constitutes an infringement of your copyright, please contact us by email at rhizomes@umn.edu to discuss its removal from the portal."
Earache Treatment / Ventosa,,"Epson gicleé digital print, 12/180 / impresión digital gicleé Epson, 12/180",https://nationalmuseumofmexicanart.org/img/37f382e1-2a28-49ee-b2fc-db1d2fc3b5e1/2011.156_web.png,https://nationalmuseumofmexicanart.org/artworks/earache-treatment-ventosa,Tratamiento para el dolor de oido / Vent,,,"21"" x 18 1/8"" (paper size)",,,,National Museum of Mexican Art (NMMA),,"Image is displayed for education and personal research only. For individual rights information about an item, please check the “Description” field, or follow the link to the digital object on the content provider’s website for more information. Reuse of copyright-protected images requires signed permission from the copyright holder. If you are the copyright holder of this item and its use online constitutes an infringement of your copyright, please contact us by email at rhizomes@umn.edu to discuss its removal from the portal."
"Coronado Space Complex at New York, Mars",,oil on linen / óleo sobre lino,https://nationalmuseumofmexicanart.org/img/bd3d4af1-605c-46a6-b1c4-8c11c90bd808/2012.11_web.png,https://nationalmuseumofmexicanart.org/artworks/coronado-space-complex-at-new-york-mars,"Complejo espacial Coronado en Nueva York, Marte",,,"42 1/4"" x 50""",,,,National Museum of Mexican Art (NMMA),,"Image is displayed for education and personal research only. For individual rights information about an item, please check the “Description” field, or follow the link to the digital object on the content provider’s website for more information. Reuse of copyright-protected images requires signed permission from the copyright holder. If you are the copyright holder of this item and its use online constitutes an infringement of your copyright, please contact us by email at rhizomes@umn.edu to discuss its removal from the portal."
La Virgen y las carpas  (in the Train Yard),,oil and enamel on corrugated aluminum panel / óleo y esmalte sobre panel de aluminio corrugado,https://nationalmuseumofmexicanart.org/img/89cfd1df-4d1a-465f-98fc-cd13dd411c16/2012.26_web.png,https://nationalmuseumofmexicanart.org/artworks/la-virgen-y-las-carpas-in-the-train-yard,The Virgin and the Tents (en la estación de traspatio),,,"48"" x 36""",,,,National Museum of Mexican Art (NMMA),,"Image is displayed for education and personal research only. For individual rights information about an item, please check the “Description” field, or follow the link to the digital object on the content provider’s website for more information. Reuse of copyright-protected images requires signed permission from the copyright holder. If you are the copyright holder of this item and its use online constitutes an infringement of your copyright, please contact us by email at rhizomes@umn.edu to discuss its removal from the portal."
Carlos Cortéz,,"linocut, N.N / grabado en linóleo, S.N.",https://nationalmuseumofmexicanart.org,https://nationalmuseumofmexicanart.org/artworks/carlos-cortz,Carlos Cortez,,,"18 5/8"" x 18"" (paper size)",,,,National Museum of Mexican Art (NMMA),,"Image is displayed for education and personal research only. For individual rights information about an item, please check the “Description” field, or follow the link to the digital object on the content provider’s website for more information. Reuse of copyright-protected images requires signed permission from the copyright holder. If you are the copyright holder of this item and its use online constitutes an infringement of your copyright, please contact us by email at rhizomes@umn.edu to discuss its removal from the portal."
Boney Ridge (California Horizons Series),,oil on canvas / óleo sobre lienzo,https://nationalmuseumofmexicanart.org/img/63b13c89-eda8-4e78-89c2-ee769a3bb1c5/2012.117_web.png,https://nationalmuseumofmexicanart.org/artworks/boney-ridge-california-horizons-series,Boney Ridge (de la serie Horizontes de California),,,"72 1/4"" x 18""",,,,National Museum of Mexican Art (NMMA),,"Image is displayed for education and personal research only. For individual rights information about an item, please check the “Description” field, or follow the link to the digital object on the content provider’s website for more information. Reuse of copyright-protected images requires signed permission from the copyright holder. If you are the copyright holder of this item and its use online constitutes an infringement of your copyright, please contact us by email at rhizomes@umn.edu to discuss its removal from the portal."
Little Champ (from the Game Piece Portraits Series),,oil on canvas / óleo sobre lienzo,https://nationalmuseumofmexicanart.org/img/a083ba54-7047-460c-b8a5-7f1eae343775/2012.168_web.png,https://nationalmuseumofmexicanart.org/artworks/little-champ-from-the-game-piece-portraits-series,"Pequeño campeón (de la serie ""Retratos de piezas de juego"")",,,"60"" x 36""",,,,National Museum of Mexican Art (NMMA),,"Image is displayed for education and personal research only. For individual rights information about an item, please check the “Description” field, or follow the link to the digital object on the content provider’s website for more information. Reuse of copyright-protected images requires signed permission from the copyright holder. If you are the copyright holder of this item and its use online constitutes an infringement of your copyright, please contact us by email at rhizomes@umn.edu to discuss its removal from the portal."
Coatlicue - The Cycle of Life and Death,,acrylic and mixed media on canvas / acrílico y técnica mixta sobre lienzo,https://nationalmuseumofmexicanart.org/img/36169b94-302b-4e98-9ca1-29c23d9c67c3/2012.181_web.png,https://nationalmuseumofmexicanart.org/artworks/coatlicue-the-cycle-of-life-and-death,Coatlicue - El cíclo de la vida y la muerte,,,"36"" x 36""",,,,National Museum of Mexican Art (NMMA),,"Image is displayed for education and personal research only. For individual rights information about an item, please check the “Description” field, or follow the link to the digital object on the content provider’s website for more information. Reuse of copyright-protected images requires signed permission from the copyright holder. If you are the copyright holder of this item and its use online constitutes an infringement of your copyright, please contact us by email at rhizomes@umn.edu to discuss its removal from the portal."
"When the Opportunist Is King, Women Are a Commodity",,acrylic on linen / acrílico sobre lino,https://nationalmuseumofmexicanart.org/img/b6b854ac-349e-4f1e-8a8a-cfd01eca0679/2012.193_web.png,https://nationalmuseumofmexicanart.org/artworks/when-the-opportunist-is-king-women-are-a-commodity,"Cuando el oportunista es rey, la mujer es una comodidad",,,"52 3/4"" x 67 1/2""",,,,National Museum of Mexican Art (NMMA),,"Image is displayed for education and personal research only. For individual rights information about an item, please check the “Description” field, or follow the link to the digital object on the content provider’s website for more information. Reuse of copyright-protected images requires signed permission from the copyright holder. If you are the copyright holder of this item and its use online constitutes an infringement of your copyright, please contact us by email at rhizomes@umn.edu to discuss its removal from the portal."
Christmas in L.A.,,"serigraph, 22/96 / serigrafía, 22/96",https://nationalmuseumofmexicanart.org/img/868eb72a-9597-4124-a7e2-49f43aefa880/2012.269_web.png,https://nationalmuseumofmexicanart.org/artworks/christmas-in-la,Navidad en Los Ángeles,,,"14"" x 25 1/4"" (paper size)",,,,National Museum of Mexican Art (NMMA),,"Image is displayed for education and personal research only. For individual rights information about an item, please check the “Description” field, or follow the link to the digital object on the content provider’s website for more information. Reuse of copyright-protected images requires signed permission from the copyright holder. If you are the copyright holder of this item and its use online constitutes an infringement of your copyright, please contact us by email at rhizomes@umn.edu to discuss its removal from the portal."
United Farm Workers pala,,enamel paint on commercially manufactured steel and wood shovel / pintura de esmalte sobre acero y madera en pala de fabricación comercial,https://nationalmuseumofmexicanart.org/img/8ddc0b9a-845d-4f98-8e9e-8d72c73437a3/2012.277_front_web.png,https://nationalmuseumofmexicanart.org/artworks/united-farm-workers-pala,"Unión de campesinos, shovel",,,"57 1/2"" x 8 3/4"" x 5 5/8""",,,,National Museum of Mexican Art (NMMA),,"Image is displayed for education and personal research only. For individual rights information about an item, please check the “Description” field, or follow the link to the digital object on the content provider’s website for more information. Reuse of copyright-protected images requires signed permission from the copyright holder. If you are the copyright holder of this item and its use online constitutes an infringement of your copyright, please contact us by email at rhizomes@umn.edu to discuss its removal from the portal."
Mojada,,"commercially manufactured glazed ceramic, glass and resin / cerámica vidriada y vidrio de fabricación comercial y resina",https://nationalmuseumofmexicanart.org/img/89845025-54f6-4f7b-9373-2c438f41332c/2012.343_front_web.png,https://nationalmuseumofmexicanart.org/artworks/mojada,Wetback,,,"11"" x 6 1/2"" x 6 1/2""",,,,National Museum of Mexican Art (NMMA),,"Image is displayed for education and personal research only. For individual rights information about an item, please check the “Description” field, or follow the link to the digital object on the content provider’s website for more information. Reuse of copyright-protected images requires signed permission from the copyright holder. If you are the copyright holder of this item and its use online constitutes an infringement of your copyright, please contact us by email at rhizomes@umn.edu to discuss its removal from the portal."
Tool Boy Flying at Nite (sic),,acrylic on canvas / acrílico sobre lienzo,https://nationalmuseumofmexicanart.org/img/99ce2c14-bcf3-4927-8b59-111b20fb25e0/2013.95_web.png,https://nationalmuseumofmexicanart.org/artworks/tool-boy-flying-at-nite-sic,Niño herramienta volando de noche,,,"46 1/4"" x 42""",,,,National Museum of Mexican Art (NMMA),,"Image is displayed for education and personal research only. For individual rights information about an item, please check the “Description” field, or follow the link to the digital object on the content provider’s website for more information. Reuse of copyright-protected images requires signed permission from the copyright holder. If you are the copyright holder of this item and its use online constitutes an infringement of your copyright, please contact us by email at rhizomes@umn.edu to discuss its removal from the portal."
Primo - Francisco G. Mendoza,,oil on linen / óleo sobre lino,https://nationalmuseumofmexicanart.org/img/6e812f07-2b99-4a4f-b5e1-27c6a4a00570/2013.235_web.png,https://nationalmuseumofmexicanart.org/artworks/primo-francisco-g-mendoza,Cousin- Francisco G. Mendoza,,,"36"" x 24""",,,,National Museum of Mexican Art (NMMA),,"Image is displayed for education and personal research only. For individual rights information about an item, please check the “Description” field, or follow the link to the digital object on the content provider’s website for more information. Reuse of copyright-protected images requires signed permission from the copyright holder. If you are the copyright holder of this item and its use online constitutes an infringement of your copyright, please contact us by email at rhizomes@umn.edu to discuss its removal from the portal."
"Cast Zambuigus: de gachupin e india, criado por Tio Sam",,"slipcast porcelain with airbrushed glaze, ed. 13  / porcelana colada con esmalte aerografiad, ed. 13",https://nationalmuseumofmexicanart.org/img/75d977a3-10a2-40a3-9add-552768703f2b/2014.1_front_web.png,https://nationalmuseumofmexicanart.org/artworks/cast-zambuigus-de-gachupin-e-india-criado-por-tio-sam,"Cast Zambuigus: de gachupin e india, criado por Tio Sam / Of Gachupin and India, Raised by Uncle Sam",,,"22"" x 9 1/2"" x 10""",,,,National Museum of Mexican Art (NMMA),,"Image is displayed for education and personal research only. For individual rights information about an item, please check the “Description” field, or follow the link to the digital object on the content provider’s website for more information. Reuse of copyright-protected images requires signed permission from the copyright holder. If you are the copyright holder of this item and its use online constitutes an infringement of your copyright, please contact us by email at rhizomes@umn.edu to discuss its removal from the portal."
Baby Taco,,assembled found objects / objetos encontrados ensamblados,https://nationalmuseumofmexicanart.org/img/864e437b-a74b-40bf-b7c1-ed444874dec8/2014.81_front_web.png,https://nationalmuseumofmexicanart.org/artworks/baby-taco,Taco bebe,,,"7"" x 7 1/4"" x 7 1/4""",,,,National Museum of Mexican Art (NMMA),,"Image is displayed for education and personal research only. For individual rights information about an item, please check the “Description” field, or follow the link to the digital object on the content provider’s website for more information. Reuse of copyright-protected images requires signed permission from the copyright holder. If you are the copyright holder of this item and its use online constitutes an infringement of your copyright, please contact us by email at rhizomes@umn.edu to discuss its removal from the portal."
Bald Border Brown (from the Posada Presente portfolio),,"linocut, 21/35 / grabado en linóleo, 21/35",https://nationalmuseumofmexicanart.org/img/53b55fe6-f123-401c-9f9e-561334c292fd/2014.128.5_web.png,https://nationalmuseumofmexicanart.org/artworks/bald-border-brown-from-the-posada-presente-portfolio,"Calva, frontera, cafe (de la carpeta Posada Presente)",,,"11 1/4"" x 15"" (paper size)",,,,National Museum of Mexican Art (NMMA),,"Image is displayed for education and personal research only. For individual rights information about an item, please check the “Description” field, or follow the link to the digital object on the content provider’s website for more information. Reuse of copyright-protected images requires signed permission from the copyright holder. If you are the copyright holder of this item and its use online constitutes an infringement of your copyright, please contact us by email at rhizomes@umn.edu to discuss its removal from the portal."
Make Tacos Not War,,pink neon on clear plexiglass / neón rosa sobre plexiglás transparente,https://nationalmuseumofmexicanart.org/img/5c66a744-15d7-4485-9b99-a944d32f0222/2014.190_web.png,https://nationalmuseumofmexicanart.org/artworks/make-tacos-not-war,Has tacos y no la guerra,,,"6 1/2"" x 63"" x 4 5/8""",,,,National Museum of Mexican Art (NMMA),,"Image is displayed for education and personal research only. For individual rights information about an item, please check the “Description” field, or follow the link to the digital object on the content provider’s website for more information. Reuse of copyright-protected images requires signed permission from the copyright holder. If you are the copyright holder of this item and its use online constitutes an infringement of your copyright, please contact us by email at rhizomes@umn.edu to discuss its removal from the portal."
Gallery Without Borders Sign,,"neon, glass and metal sign / anuncio en neón, vidrio y metal",https://nationalmuseumofmexicanart.org/img/71521448-9324-4212-940a-1674454d3719/2014.193_web.png,https://nationalmuseumofmexicanart.org/artworks/gallery-without-borders-sign,Anuncio de Gallery Without Borders,,,"55"" x 58"" x 13""",,,,National Museum of Mexican Art (NMMA),,"Image is displayed for education and personal research only. For individual rights information about an item, please check the “Description” field, or follow the link to the digital object on the content provider’s website for more information. Reuse of copyright-protected images requires signed permission from the copyright holder. If you are the copyright holder of this item and its use online constitutes an infringement of your copyright, please contact us by email at rhizomes@umn.edu to discuss its removal from the portal."
The Encounter,,acrylic on canvas / acrílico sobre lienzo,https://nationalmuseumofmexicanart.org/img/3a734503-0fb9-4a64-a606-9e4929493ece/2015.1_web.png,https://nationalmuseumofmexicanart.org/artworks/the-encounter,El encuentro,,,"44"" x 99""",,,,National Museum of Mexican Art (NMMA),,"Image is displayed for education and personal research only. For individual rights information about an item, please check the “Description” field, or follow the link to the digital object on the content provider’s website for more information. Reuse of copyright-protected images requires signed permission from the copyright holder. If you are the copyright holder of this item and its use online constitutes an infringement of your copyright, please contact us by email at rhizomes@umn.edu to discuss its removal from the portal."
Represent ¡Presente!,,polychrome ceramic / cerámica policromada,https://nationalmuseumofmexicanart.org/img/ab2b7820-548e-4eea-aac8-5d18415b0e4f/2015.70A-B_frontblue_web.png,https://nationalmuseumofmexicanart.org/artworks/represent-presente,Representar / Present!,,,"18"" x 22"" x 10""",,,,National Museum of Mexican Art (NMMA),,"Image is displayed for education and personal research only. For individual rights information about an item, please check the “Description” field, or follow the link to the digital object on the content provider’s website for more information. Reuse of copyright-protected images requires signed permission from the copyright holder. If you are the copyright holder of this item and its use online constitutes an infringement of your copyright, please contact us by email at rhizomes@umn.edu to discuss its removal from the portal."
Layers of the Subconscious,,acrylic and mixed media on canvas mounted on wood with wood appliqués / acrílico y técnica mixta sobre lienzo montada en madera con aplicaciones de madera,https://nationalmuseumofmexicanart.org/img/17f6006f-6cb4-4ca5-8da6-fc8c3c47fee6/2015.192_web.png,https://nationalmuseumofmexicanart.org/artworks/layers-of-the-subconscious,Capas del subconsciente,,,"36' x 24' x 4""",,,,National Museum of Mexican Art (NMMA),,"Image is displayed for education and personal research only. For individual rights information about an item, please check the “Description” field, or follow the link to the digital object on the content provider’s website for more information. Reuse of copyright-protected images requires signed permission from the copyright holder. If you are the copyright holder of this item and its use online constitutes an infringement of your copyright, please contact us by email at rhizomes@umn.edu to discuss its removal from the portal."
Damn I Forgot to Block,,acrylic on linen / acrílico sobre lino,https://nationalmuseumofmexicanart.org/img/1409604d-897e-4d02-a62e-b643e17ef230/2015.236_web.png,https://nationalmuseumofmexicanart.org/artworks/damn-i-forgot-to-block,"Maldita sea, olvidé bloquear (Chin, olvidé bloquear)",,,"33 3/4"" x 36""",,,,National Museum of Mexican Art (NMMA),,"Image is displayed for education and personal research only. For individual rights information about an item, please check the “Description” field, or follow the link to the digital object on the content provider’s website for more information. Reuse of copyright-protected images requires signed permission from the copyright holder. If you are the copyright holder of this item and its use online constitutes an infringement of your copyright, please contact us by email at rhizomes@umn.edu to discuss its removal from the portal."
Reaper,,ceramic with glaze / cerámica con esmalte,https://nationalmuseumofmexicanart.org/img/82edbcb7-ab3a-435e-ba40-86cdcd694b96/2016.8_front_web.png,https://nationalmuseumofmexicanart.org/artworks/reaper,Parca,,,"18"" x 12 1/2"" x 16""",,,,National Museum of Mexican Art (NMMA),,"Image is displayed for education and personal research only. For individual rights information about an item, please check the “Description” field, or follow the link to the digital object on the content provider’s website for more information. Reuse of copyright-protected images requires signed permission from the copyright holder. If you are the copyright holder of this item and its use online constitutes an infringement of your copyright, please contact us by email at rhizomes@umn.edu to discuss its removal from the portal."
Botecito soñando árbol (from the Bestiarios y Nahuales I portfolio),,"linocut, 50/50 / grabado en linóleo, 50/50",https://nationalmuseumofmexicanart.org/img/72d459f7-3004-4271-8331-cbdef206ed20/2016.55A_web.png,https://nationalmuseumofmexicanart.org/artworks/botecito-soñando-árbol-from-the-bestiarios-y-nahuales-i-portfolio,Little Boat Dreaming Tree (de la carpeta Bestiary and Nahuales I),,,"22"" x 15"" (paper size)",,,,National Museum of Mexican Art (NMMA),,"Image is displayed for education and personal research only. For individual rights information about an item, please check the “Description” field, or follow the link to the digital object on the content provider’s website for more information. Reuse of copyright-protected images requires signed permission from the copyright holder. If you are the copyright holder of this item and its use online constitutes an infringement of your copyright, please contact us by email at rhizomes@umn.edu to discuss its removal from the portal."
Homage to the Street,,mixed media door / técnica mixta sobre puerta,https://nationalmuseumofmexicanart.org/img/7b7dfe2f-cd47-44a9-9f3e-44f0827232f3/2016.247_1_web.png,https://nationalmuseumofmexicanart.org/artworks/homage-to-the-street,Homenaje a la calle,,,"83"" x 32"" x 5 1/2""",,,,National Museum of Mexican Art (NMMA),,"Image is displayed for education and personal research only. For individual rights information about an item, please check the “Description” field, or follow the link to the digital object on the content provider’s website for more information. Reuse of copyright-protected images requires signed permission from the copyright holder. If you are the copyright holder of this item and its use online constitutes an infringement of your copyright, please contact us by email at rhizomes@umn.edu to discuss its removal from the portal."
"No Coconuts, 1973",,"serigraph, 6/27 / serigrafía, 6/27",https://nationalmuseumofmexicanart.org,https://nationalmuseumofmexicanart.org/artworks/no-coconuts-,"No a los cocos, 1973",,,"23 7/8"" x 17 7/8"" (paper size)",,,,National Museum of Mexican Art (NMMA),,"Image is displayed for education and personal research only. For individual rights information about an item, please check the “Description” field, or follow the link to the digital object on the content provider’s website for more information. Reuse of copyright-protected images requires signed permission from the copyright holder. If you are the copyright holder of this item and its use online constitutes an infringement of your copyright, please contact us by email at rhizomes@umn.edu to discuss its removal from the portal."
Trans-ition,,mixed media on paper and layered glass /  técnica mixta sobre papel y capas de vidrio,https://nationalmuseumofmexicanart.org,https://nationalmuseumofmexicanart.org/artworks/transition,Trans-ición,,,"31"" x 24"" x 7""",,,,National Museum of Mexican Art (NMMA),,"Image is displayed for education and personal research only. For individual rights information about an item, please check the “Description” field, or follow the link to the digital object on the content provider’s website for more information. Reuse of copyright-protected images requires signed permission from the copyright holder. If you are the copyright holder of this item and its use online constitutes an infringement of your copyright, please contact us by email at rhizomes@umn.edu to discuss its removal from the portal."
Sombras,,oil on canvas / óleo sobre lienzo,https://nationalmuseumofmexicanart.org/img/47ae6e3d-f98f-48d7-91a0-3c36a0da417d/2018.290_web.png,https://nationalmuseumofmexicanart.org/artworks/sombras,Shadows (yellow half moon),,,"48"" x 24""",,,,National Museum of Mexican Art (NMMA),,"Image is displayed for education and personal research only. For individual rights information about an item, please check the “Description” field, or follow the link to the digital object on the content provider’s website for more information. Reuse of copyright-protected images requires signed permission from the copyright holder. If you are the copyright holder of this item and its use online constitutes an infringement of your copyright, please contact us by email at rhizomes@umn.edu to discuss its removal from the portal."
La Llorona vs. La Migra,,acrylic on canvas / acrílico sobre lienzo,https://nationalmuseumofmexicanart.org/img/703ea679-f070-45ed-b45d-c0a5e711be5f/2020.202_1_web.png,https://nationalmuseumofmexicanart.org/artworks/la-llorona-vs-la-migra,The Weeping Woman vs. La Migra,,,"19 5/8"" x 23 3/4"" x 1 1/2"" (frame included)",,,,National Museum of Mexican Art (NMMA),,"Image is displayed for education and personal research only. For individual rights information about an item, please check the “Description” field, or follow the link to the digital object on the content provider’s website for more information. Reuse of copyright-protected images requires signed permission from the copyright holder. If you are the copyright holder of this item and its use online constitutes an infringement of your copyright, please contact us by email at rhizomes@umn.edu to discuss its removal from the portal."
Appearance,,gelatin silver print / impresión de gelatina a la plata,https://nationalmuseumofmexicanart.org/img/255fa723-7554-4d6c-a847-0b658bcf1e71/2022.203_web.png,https://nationalmuseumofmexicanart.org/artworks/appearance,Apariencia,,,"19"" x 13"" (paper size)",,,,National Museum of Mexican Art (NMMA),,"Image is displayed for education and personal research only. For individual rights information about an item, please check the “Description” field, or follow the link to the digital object on the content provider’s website for more information. Reuse of copyright-protected images requires signed permission from the copyright holder. If you are the copyright holder of this item and its use online constitutes an infringement of your copyright, please contact us by email at rhizomes@umn.edu to discuss its removal from the portal."
PIHCO: Pilsen Housing Cooperative,,"split fountain serigraph, N.N. / serigrafía degradada, S.N.",https://nationalmuseumofmexicanart.org/img/5d0da854-6ea3-48e5-a316-ec8fa124ba0c/2023.54_web.png,https://nationalmuseumofmexicanart.org/artworks/pihco-pilsen-housing-cooperative,PIHCO: Cooperativa de Viviendas de Pilsen,,,"17 7/8"" x 12"" (paper size)",,,,National Museum of Mexican Art (NMMA),,"Image is displayed for education and personal research only. For individual rights information about an item, please check the “Description” field, or follow the link to the digital object on the content provider’s website for more information. Reuse of copyright-protected images requires signed permission from the copyright holder. If you are the copyright holder of this item and its use online constitutes an infringement of your copyright, please contact us by email at rhizomes@umn.edu to discuss its removal from the portal."

